{"entities":{"pages":{"Welcome":{"id":"Welcome","title":"Welcome to XeroReport","url":"welcome.html","level":0,"tabIndex":0},"Installation":{"id":"Installation","title":"Installation","url":"installation.html","level":0,"tabIndex":1},"Credit":{"id":"Credit","title":"License Details for Documentation","url":"credit.html","level":0,"tabIndex":2},"Initial-Inventory-Setup":{"id":"Initial-Inventory-Setup","title":"Initial Inventory Setup","url":"initial-inventory-setup.html","level":0,"tabIndex":3},"How-to-Create-Purchase":{"id":"How-to-Create-Purchase","title":"How to Create Purchase","url":"how-to-create-purchase.html","level":0,"tabIndex":4},"Create-Sale":{"id":"Create-Sale","title":"Create Sale","url":"create-sale.html","level":0,"tabIndex":5},"Create-Unit-and-Unit-Mapping":{"id":"Create-Unit-and-Unit-Mapping","title":"Create Unit and Unit Mapping","url":"create-unit-and-unit-mapping.html","level":0,"tabIndex":6}}},"topLevelIds":["Welcome","Installation","Credit","Initial-Inventory-Setup","How-to-Create-Purchase","Create-Sale","Create-Unit-and-Unit-Mapping"]}